キャナルシティ博多,〒812-0018　福岡県福岡市博多区住吉１丁目２-２５観光
博多駅,〒812-0012　福岡市　博多区　中央街観光
マリンワールド海の中道,〒811-0321　福岡県福岡市東区西戸崎18-28観光
マリノアシティ福岡,〒819-0001　福岡県福岡市西区小戸2-12-30観光
大濠公園,〒810-0051　福岡県福岡市中央区大濠公園観光
天神地下街,〒810-0001　福岡県福岡市中央区天神1-6-8観光
福岡タワー,〒814-0001　福岡県福岡市早良区百道浜2-3-26観光
屋台,〒810-0801　福岡県福岡市内各所観光
ヤフオク！ドーム,〒810-8660　福岡県 福岡市 中央区　知行浜2丁目2番2号観光
海の中道海浜公園,〒811-0321　福岡県福岡市東区西戸崎18-25観光
キャナルシティ博多,〒812-0018　福岡県福岡市博多区住吉１丁目２-２５観光
博多駅,〒812-0012　福岡市　博多区　中央街観光
マリンワールド海の中道,〒811-0321　福岡県福岡市東区西戸崎18-28観光
マリノアシティ福岡,〒819-0001　福岡県福岡市西区小戸2-12-30観光
大濠公園,〒810-0051　福岡県福岡市中央区大濠公園観光
天神地下街,〒810-0001　福岡県福岡市中央区天神1-6-8観光
福岡タワー,〒814-0001　福岡県福岡市早良区百道浜2-3-26観光
キャナルシティ博多,〒812-0018　福岡県福岡市博多区住吉１丁目２-２５観光
博多駅,〒812-0012　福岡市　博多区　中央街観光
マリンワールド海の中道,〒811-0321　福岡県福岡市東区西戸崎18-28観光
マリノアシティ福岡,〒819-0001　福岡県福岡市西区小戸2-12-30観光
大濠公園,〒810-0051　福岡県福岡市中央区大濠公園観光
キャナルシティ博多,〒812-0018　福岡県福岡市博多区住吉１丁目２-２５観光
博多駅,〒812-0012　福岡市　博多区　中央街観光
マリンワールド海の中道,〒811-0321　福岡県福岡市東区西戸崎18-28観光
マリノアシティ福岡,〒819-0001　福岡県福岡市西区小戸2-12-30観光
大濠公園,〒810-0051　福岡県福岡市中央区大濠公園観光
天神地下街,〒810-0001　福岡県福岡市中央区天神1-6-8観光
福岡タワー,〒814-0001　福岡県福岡市早良区百道浜2-3-26観光
キャナルシティ博多,〒812-0018　福岡県福岡市博多区住吉１丁目２-２５観光
博多駅,〒812-0012　福岡市　博多区　中央街観光
マリンワールド海の中道,〒811-0321　福岡県福岡市東区西戸崎18-28観光
キャナルシティ博多,〒812-0018　福岡県福岡市博多区住吉１丁目２-２５観光
博多駅,〒812-0012　福岡市　博多区　中央街観光
マリンワールド海の中道,〒811-0321　福岡県福岡市東区西戸崎18-28観光
マリノアシティ福岡,〒819-0001　福岡県福岡市西区小戸2-12-30観光
